{"proxies":{"huawei.messaging.TitaniumHuaweiMessagingModule":{"superPackageName":"org.appcelerator.kroll","methods":{"subscribe":{"runOnUiThread":false,"hasInvocation":false,"args":[{"converter":"org.appcelerator.kroll.KrollConverter","defaultValueProvider":"org.appcelerator.kroll.KrollConverter","name":"topic","sourceName":"topic","type":"java.lang.String"}],"apiName":"subscribe","converter":"org.appcelerator.kroll.KrollConverter","defaultValueProvider":"org.appcelerator.kroll.KrollConverter","name":"__default_name__","returnType":"void"},"unsubscribe":{"runOnUiThread":false,"hasInvocation":false,"args":[{"converter":"org.appcelerator.kroll.KrollConverter","defaultValueProvider":"org.appcelerator.kroll.KrollConverter","name":"topic","sourceName":"topic","type":"java.lang.String"}],"apiName":"unsubscribe","converter":"org.appcelerator.kroll.KrollConverter","defaultValueProvider":"org.appcelerator.kroll.KrollConverter","name":"__default_name__","returnType":"void"},"getToken":{"runOnUiThread":false,"hasInvocation":false,"args":[{"converter":"org.appcelerator.kroll.KrollConverter","defaultValueProvider":"org.appcelerator.kroll.KrollConverter","name":"callback","sourceName":"callback","type":"org.appcelerator.kroll.KrollFunction"}],"apiName":"getToken","converter":"org.appcelerator.kroll.KrollConverter","defaultValueProvider":"org.appcelerator.kroll.KrollConverter","name":"__default_name__","returnType":"void"},"configure":{"runOnUiThread":false,"hasInvocation":false,"args":[],"apiName":"configure","converter":"org.appcelerator.kroll.KrollConverter","defaultValueProvider":"org.appcelerator.kroll.KrollConverter","name":"__default_name__","returnType":"void"},"trigger":{"runOnUiThread":false,"hasInvocation":false,"args":[{"converter":"org.appcelerator.kroll.KrollConverter","defaultValueProvider":"org.appcelerator.kroll.KrollConverter","name":"event","sourceName":"event","type":"java.lang.String"}],"apiName":"trigger","converter":"org.appcelerator.kroll.KrollConverter","defaultValueProvider":"org.appcelerator.kroll.KrollConverter","name":"__default_name__","returnType":"void"},"deleteToken":{"runOnUiThread":false,"hasInvocation":false,"args":[],"apiName":"deleteToken","converter":"org.appcelerator.kroll.KrollConverter","defaultValueProvider":"org.appcelerator.kroll.KrollConverter","name":"__default_name__","returnType":"void"}},"dynamicProperties":{"enablePush":{"set":true,"nativeConverter":"org.appcelerator.kroll.KrollConverter","setMethodName":"enablePush","setMethodArgs":[{"converter":"org.appcelerator.kroll.KrollConverter","defaultValueProvider":"org.appcelerator.kroll.KrollConverter","name":"enabled","sourceName":"enabled","type":"boolean"}],"setDefaultProviders":["org.appcelerator.kroll.KrollConverter"],"converter":"org.appcelerator.kroll.KrollConverter","defaultValueProvider":"org.appcelerator.kroll.KrollConverter","retain":true,"javascriptConverter":"org.appcelerator.kroll.KrollConverter","getHasInvocation":false,"runOnUiThread":false,"setReturnType":"void","get":false,"name":"enablePush","setHasInvocation":false}},"superProxyBindingClassName":"org.appcelerator.kroll.KrollModuleBindingGen","proxyClassName":"TitaniumHuaweiMessagingModule","proxyAttrs":{"propertyAccessors":[],"fullAPIName":"TitaniumHuaweiMessagingModule","name":"TitaniumHuaweiMessagingModule","proxyClassName":"huawei.messaging.TitaniumHuaweiMessagingModule","isTopLevel":false,"id":"huawei.messaging"},"packageName":"huawei.messaging","sourceName":"huawei.messaging.TitaniumHuaweiMessagingModuleBindingGen","isTitaniumSdk":false,"superProxyClassName":"KrollModule","isModule":true,"genClassName":"TitaniumHuaweiMessagingModuleBindingGen"}},"modules":{"huawei.messaging.TitaniumHuaweiMessagingModule":{"apiName":"TitaniumHuaweiMessagingModule"}}}